-2.138883640379253492e+00,2.084996287298481743e+00,-4.804822240175714021e-01,1.476882167806866430e+00,1.560605032358386435e+00,6.881817028960003357e-01,4.511077617329966594e-01,-1.951769633356237321e+00,-7.118163774913212061e-01,1.043870771390696950e-01,4.057044557210803815e-01,2.595642183535765479e+00,4.069733718381664533e-01,-4.908020430254270150e-01,1.638148088109511846e+00,-4.847190404634330818e+00,1.132038109624582622e+00,-1.075334908013148238e+00,-1.686389452796093646e+00,-1.259675201854383753e+00
2.299377262532916966e+00,2.597969801714821170e+00,-4.086810772574248851e+00,2.474695442583426885e+00,5.969302337664431635e-01,-1.927099865162847925e+00,1.620283418310688894e+00,-8.934675148568532732e-01,3.448290659085443965e-01,2.256918741242431636e+00,-1.850720567993393351e+00,3.774164379232329392e+00,-1.734944910415349373e+00,-3.631793847185451174e+00,2.139433246436927671e+00,-5.810289386730910444e+00,2.090159136248430360e-01,3.903061146040480711e-01,-1.621275598815810959e+00,-7.906593284608196548e-01
-3.583308156356563006e-03,-5.699580808024172773e-01,1.042316485577147733e-01,1.184215600013480696e+00,6.473246786394666330e+00,-1.009399011063116580e+00,9.707952060647060399e-01,1.679225859221511685e+00,2.549486104554127830e-01,-4.402208442770319530e-01,4.264128370889857855e+00,4.258703596942090108e+00,2.614979689496411019e+00,-5.924274135225060522e-01,1.052284529378207711e+00,-5.422959930350618185e-01,-1.662279243746965784e+00,3.343682815643348682e+00,-6.978547938238043313e-01,-2.528066110700767144e+00
-3.075964361619851317e+00,-9.000435138653415379e-01,2.803157760142236388e-01,-2.456605593672099186e+00,2.342402427545088983e+00,2.301610937390720757e+00,-6.834882681611579303e-01,-3.591432052115161699e+00,-2.685093342857005627e+00,-2.858905935215059646e+00,-1.150278947393647888e+00,1.917933796118175271e+00,-4.533063921339754110e+00,-1.706398390356489436e+00,4.342715138395583097e+00,-2.363605575545578152e-01,-2.447548603716112936e+00,2.196002594984370671e+00,-2.069577449194321517e+00,-1.429646361173894320e+00
-1.573017684642336489e+00,5.161345539478418704e-02,-6.258200054937961276e-01,1.240903804944920807e+00,-1.560127786755148183e+00,-1.038288713004871022e+00,3.161637194941439577e-01,-2.369541533494963659e+00,-1.606418349402470191e+00,1.154059184803439164e+00,-3.408407585040433396e+00,1.439208012261106395e+00,4.674500949751542400e+00,3.506806688665033089e+00,2.825063635613306090e+00,-6.121095411517810669e-01,-1.406967182505329816e+00,1.147836864316882366e+00,-4.414379616992333055e+00,-4.796747393469598109e+00
-1.107809928209038564e+00,-1.687471923745080149e+00,1.000911691554368987e+00,1.258733869738753341e+00,-2.260417673568927699e-01,5.171631672950546488e+00,5.866222707357320765e+00,-1.967704856723633489e+00,1.273733901883149278e+00,3.435970428067172122e+00,4.447171767389351271e-01,2.241964393969614111e+00,1.469012301709347934e+00,-2.668540007033747941e+00,2.241833474367567192e+00,1.368486870306223180e+00,-7.634395760432764744e-02,-2.340169887763923207e+00,6.625146729550090985e-01,-2.635167081827495927e+00
-2.124934858771112989e+00,-1.181410741765231531e+00,-3.461195533845218275e+00,-1.518030938683658571e+00,-1.795449120008430377e+00,2.529731842560199784e+00,1.756196679273390737e+00,2.193105305458306287e+00,-5.689728630385462615e+00,1.890138661251521635e+00,1.734360532589966475e+00,-1.006882856604861765e+00,2.197859854746387231e+00,-6.299286692308577740e-01,9.865026317283490664e-01,-2.709408870079479392e+00,2.707788505319779770e-01,3.422844615212403685e+00,2.250553982494537308e+00,1.771501851763246926e-01
-2.481056397220173793e+00,-4.466739543684718483e-01,2.423155899675756841e-01,-2.615214986262296426e-01,7.069589399596897250e-01,-5.031015118064082969e+00,1.783487812072434897e+00,-7.484237592993911448e-02,-4.903970098157864888e-01,2.359772251167101764e+00,-1.240042687689726364e+00,-1.027704685010547347e+00,-1.041476816180939569e-01,-1.913179449759693007e+00,4.703511780564216593e+00,2.250376146429462487e+00,1.959619425446184726e+00,1.498024363326722064e+00,4.097966192026758492e+00,-2.999067789266102846e+00
1.605506371445396319e+00,5.998630932466679777e-01,-1.163019750138749808e+00,-2.527054215390486025e+00,-1.065110858940939709e+00,-8.470488567635674482e-01,2.615374372605352438e+00,5.935984322445903016e-01,-3.212052770087718390e+00,-4.171046203817097897e+00,-6.194948129962484229e-01,3.675690272623572952e+00,1.354661562499585248e+00,6.045448704811507978e-01,1.183029347880191207e+00,-3.045633599012775306e-01,-4.503655701095122255e-01,-3.337982768014397195e+00,4.602634464670804171e+00,-2.743513809106460144e+00
-1.157331957910803899e+00,1.040370925143671910e+00,-3.113192758781141434e-01,1.064453126051358556e+00,1.200317033071784945e+00,-2.143702225881810586e-01,2.717419681794401853e+00,-2.867729829679088183e-01,-3.125297164119007931e+00,-1.894010932686615467e+00,-8.095761236531695548e-01,3.020286804691152405e-01,-1.010819934617218502e-01,-6.379066430170762803e-02,8.839487819260578583e-01,-1.400149547611648781e+00,5.361536767595872499e-01,2.545468347782335328e-01,1.040175723705715427e+00,-2.585584621531390681e+00
-1.515254906257740286e+00,-9.716819924064187264e-01,-1.273404920502645865e+00,-4.749165939187546037e+00,-6.589810270644390622e-01,5.571556213501595023e-01,2.227854449642020729e+00,-5.735711676956189997e-02,1.061364368950399983e+00,-1.520287241177024073e+00,1.021625690582704804e+00,2.599621757153500745e-01,1.100723149819346824e+00,1.035754640434862095e+00,-1.097595713706084747e-01,-2.601578100632780721e+00,1.134615338732301248e+00,9.054509860706287938e-01,3.758856192103651184e-01,1.599563222159894327e-01
-1.728470649439084461e+00,2.882560522323909691e+00,-7.602536836454422131e-01,-3.518961101925097701e+00,1.443611906842087844e+00,-2.190067576325030740e-01,2.756167969295113984e+00,-7.193825608362244273e-01,1.427543832185202088e+00,-9.819926345696037284e-01,4.572853238746633076e-01,-6.280271215831999543e-01,1.769646163528851401e+00,4.981228314087577380e-01,8.920599450860099422e-01,-2.406725336016290739e-01,1.580933740770994689e+00,6.951291248733661998e-01,-8.835347815532589300e-01,8.480545805627260902e-01
-1.668719885674355252e+00,4.716229590254530368e-01,-2.392161417180197480e-01,-1.023615258726124910e+00,5.574898426580220390e-01,-6.165176690393248116e-01,3.376529404141968893e+00,-8.366735193488560318e-01,6.092329139186466458e-01,-5.923873234637071217e-02,-1.963856929470201296e+00,1.384327405427062674e+00,1.209921650258310305e-01,-9.049966356074606866e-01,-2.386362228764064231e+00,5.981855218280747177e-01,4.069547317930277686e-01,4.168025504459015318e-01,-7.138790830955364652e-02,-2.196226883618035419e-01
-1.877890671892536556e+00,1.478334630827260243e+00,6.854957845837768293e-02,1.187005988861111083e+00,1.224417496900608970e+00,2.583758495914673770e+00,4.571848875220079655e+00,1.404845433649855480e+00,1.062178892814050757e-01,2.225370986761498138e+00,-2.589741520632230287e+00,5.118594541303593815e-01,-7.053761875802727621e-01,1.257200159039201015e+00,3.324679050369055283e-02,-7.869380615456177397e-01,-1.897557050022900205e+00,6.240142427184831586e-01,-1.283836229683292807e+00,9.937746639789050151e-01
-1.091404967712145346e+00,1.082268711712133680e+00,8.955407998710246398e-01,-8.444441391370778316e-01,-6.158986068900654254e-03,-1.557421277239612989e+00,3.650989519614410650e+00,-1.409469658537836567e+00,2.533307317861002717e-01,-1.463023739090526965e+00,3.004683356833037222e-01,2.498631001743580604e-01,-3.041805052478322446e-01,1.671536851071827590e+00,1.873889911918588336e+00,-1.055117253409482592e+00,1.111242134046936281e+00,1.214639427230797653e+00,1.054884957865818595e+00,2.670950583850227655e+00
-1.174398918710306550e+00,-2.464704448268414672e-01,-7.317352017182938706e-01,-2.794536091530511523e+00,4.690759030512872130e-01,-4.791760557252782715e-01,2.112061305324858473e+00,-7.642883761137828635e-01,1.732545828432483059e+00,3.828242241064163109e-01,1.280472947561238861e+00,-5.725293573874657982e-01,-5.122070224327152088e-01,1.576946905397668575e+00,4.838660623742076505e-01,-2.244787184240850664e+00,2.143603419067498628e+00,1.795033639718279117e+00,4.661000671940611073e-01,-1.087323836727062121e-01
8.258113472807140365e-01,1.057667660009181387e-01,-1.016637991970979815e+00,-1.247246977910159371e+00,2.353872139482681390e-03,-6.731472210587070570e-01,9.278717992662155467e-01,-1.265056945897907292e+00,3.336622246422331628e-01,-7.881531570624996652e-01,-9.701844374617847322e-01,2.112229631105442540e-01,7.419192173501807375e-01,6.071273658704555432e-02,-1.229330222507630355e+00,8.489756456840144572e-02,-5.681548423830706795e-01,3.724034690531368152e+00,1.473934725532477286e+00,5.758043090518419893e-01
1.995682356956272940e+00,6.216729594168497464e-01,3.752268452401815169e-01,-9.556540617554254435e-01,3.528207125080291551e+00,-2.696382237487534028e-01,1.622336145391356066e+00,-1.341829264707204983e+00,-3.157346147495464495e-01,-5.329792809436346701e-01,-9.403065089957970413e-01,-2.453117756930795590e+00,4.314891472909689885e-01,1.242050535357383190e+00,-5.333108313199221850e-01,-1.197203383989947190e+00,-3.595395817311800024e-01,4.012150857858803876e-01,2.427105699521364457e+00,-1.787904540275861986e+00
-3.829998222216502990e-01,-9.272568553630412824e-02,-2.115640557587146642e+00,-2.632357524091794687e+00,-1.051059572538932452e+00,-2.668158980199332175e-01,1.161216241806023453e+00,-1.539615181068379801e+00,2.227539362559847191e+00,-1.166559360548718116e+00,-4.739591188852609327e-01,1.931158055706691634e+00,1.774942857284497189e-01,7.626497484068255339e-01,7.853636351561912310e-01,2.952158755060071971e-01,8.911890536630852067e-01,3.405260482051351012e+00,1.429772086102932549e-01,2.630436905004559289e+00
-2.601552273556082540e-01,-1.732069771476560105e-01,4.615225179671693656e-01,-5.933132721346691119e-01,1.196535707515970159e+00,-6.885647279233058082e-01,3.803661234865255647e+00,-1.455836749358693671e+00,-1.422135874723058580e+00,-1.111286299337813643e+00,-7.235949567312854880e-01,-9.749408456455390670e-01,-1.236112899205178556e-01,6.772044821676447279e-01,-2.156787640491104163e+00,-2.065197183133590908e+00,-1.140514314648340077e+00,-2.816046737485477514e-01,7.854892291728005072e-02,-1.067862316546647206e+00
-5.784980155576541216e-01,2.842538066700987520e-01,-4.245984947128618736e-01,-2.088100830355823945e+00,1.120055708805762495e-01,4.934481604874680905e-01,1.123534081119303529e+00,-1.688442756480430074e+00,1.232173164943076854e-01,2.236835053848126864e-01,4.137851850350616756e-01,4.086486151068680628e-01,6.577064029288769431e-01,1.451197197360294844e+00,-1.095350774506881897e-01,-9.524793244452137708e-01,9.849899911105672312e-02,2.012366024851872659e+00,1.472432788349375521e+00,-2.408850809843460228e-01
3.208875596533568575e-01,-9.591469373045614644e-01,-2.387815519377497697e+00,2.300950843176296778e-01,4.738037398008171364e-01,8.825267200345087160e-01,2.819917647220338552e-01,-1.947631469890287015e+00,1.908958381747249688e-01,-1.853769201585453663e+00,-1.882650204316011600e+00,9.732149483791777689e-01,2.120910353765134371e+00,8.463464479132426499e-01,-5.683069357224359575e-01,8.644186685914586610e-01,-1.001659640859123152e-01,2.064824550072604126e+00,2.834414964578554130e+00,2.110987165854581349e+00
-1.939085833499289313e+00,1.777307456903277849e+00,-6.867724751159043350e-01,5.961118331368454870e-03,1.069449849995093738e+00,-4.806571590194809729e-01,2.959971322657927839e+00,2.019286465585153345e-01,-7.364102789220888790e-01,-3.058032693646785538e-01,-2.843545820401215174e+00,3.306931084592600323e-01,-5.546503483548607116e-01,1.193583120513449503e+00,-3.752310512070174409e-01,-2.060742237660920573e+00,-1.161571925438333652e+00,2.048507951763995361e-01,3.502783461598174553e-02,4.855566588068922496e-01
-6.137043892548188495e-01,3.160859657446004611e+00,9.360684941803854020e-01,-2.077050960387836209e+00,5.458486915968643327e-01,1.555811080162382787e+00,1.576973260104986396e+00,-5.899502745634458423e-01,-5.177871961293539771e-01,-6.563867127553953962e-01,6.991444434631810534e-01,-8.508282012234745506e-02,5.432910052086401542e-01,7.109840729322373098e-01,-3.881209780059690084e-01,-1.239360896399839262e+00,3.377237722240232554e+00,2.690813422135160060e+00,-8.447203065800654720e-01,-8.027206130088451186e-01
1.255932250655441784e+00,2.130276731230719811e+00,4.975294075924139442e-02,-5.351862197897673257e-01,-1.862884842419942677e+00,9.848487996466515071e-01,1.772492513064854447e-01,-1.474380579822176962e+00,9.029935049094324206e-01,-3.516657731458642799e-01,-1.722863231245490845e-01,3.758910918479300145e-01,-5.207450805959408235e-01,7.146833565465560145e-02,-5.013201096256389988e-01,1.067378475448958142e+00,-4.322322458085552377e-01,5.105109764315716170e+00,2.375242986988903127e+00,-6.964317712685585970e-01
1.014228952858749144e+00,-1.066358631499984666e+00,1.693395225854225083e+00,-1.355838219877961992e-01,-1.748796456723069603e+00,-9.725284344162330452e-01,1.787821426026554139e+00,-1.573338646654654838e+00,8.470972105039977773e-01,-7.765102599361917157e-01,-1.594508586498229574e+00,1.291546391445306696e+00,8.734896467246072715e-01,-2.914443110640312917e-01,-7.836778479626663740e-01,-4.137295974969645851e-02,-3.187106950015241580e+00,4.320528522292359952e+00,2.157491398556516948e+00,2.564657758308608759e+00
-1.319112220040572936e+00,3.290785567401754097e+00,1.447531671377757512e+00,7.302852156425528873e-01,6.269175645563902499e-01,-7.815669275581101916e-01,2.881070036885380325e+00,-2.513319872165124647e+00,1.704670141364274638e+00,-2.224625056834058368e-01,-2.446468174745606294e+00,-1.035836773962218738e+00,1.462790173942046357e+00,9.646358677976044627e-01,1.646471446334491828e+00,-1.291349127808204100e+00,1.285101430086669216e-01,1.186048083353296867e-01,5.297706508143742304e-02,8.248559628100945451e-01
-1.708503445785311436e+00,2.099342098267194867e+00,-2.296344473703372246e-01,-2.377239116981256117e+00,1.468646191104428178e+00,-5.717022810766382301e-01,1.083077992878664214e-01,-2.213609503858466887e-01,2.631845568558707438e+00,1.176588451940250080e+00,-3.359370110056383307e+00,-1.225432794468747470e-02,1.071683452270484338e+00,-1.033643272948751246e+00,-1.268999183517973917e+00,4.138102429999285584e-03,1.438595788676044762e-01,2.048835726257886680e+00,1.354043341018698277e+00,-1.033554352857328995e+00
-1.473683303293878089e+00,-6.382476685352257428e-01,-1.267493981026362793e+00,-2.856333234383900077e+00,4.797294291446755343e-01,-3.853911955586132310e-01,2.147364569372986587e+00,-1.174933810107792187e+00,5.308515419073213115e-01,-7.657566016362410410e-01,2.337891639711558167e-01,-6.431723799027496691e-01,-2.503422046749945729e-01,1.467901839602155922e+00,-3.028288585961125268e-01,-3.181081970731991948e+00,9.692489251482926393e-01,-1.958935564759526071e-01,1.339480015731371321e+00,3.645247560811618742e-02
-1.270538500252669900e+00,6.115116686959294334e-01,-1.969818304907958728e+00,-1.396485727344947581e+00,-2.340558006035080851e-01,1.277966020428114580e-02,2.428767999804638311e+00,6.252455533461935833e-01,-1.464266631138471331e+00,-1.273851402134798180e-02,-1.771550848861817240e+00,-1.325827444114441034e-01,-1.248149322046814502e+00,-2.860093244205919039e-01,-2.288667799707333916e+00,-1.451221530058927289e+00,-2.282396943627100327e+00,2.923781601755418347e+00,2.307457904667959969e-01,3.687417862389048562e-01
-4.516798157810397285e+00,3.527451742911445809e+00,-1.551956013173271920e+00,-1.100530617925204790e+00,2.367340573623551769e+00,-2.890516123026144052e-02,3.156097443836982652e+00,-1.945412154563312512e+00,-5.058586091690100428e-01,-1.324475020127608982e+00,1.251068710349590551e+00,-5.398289531806884645e-01,-8.027511060173041502e-01,1.527095856083920955e+00,6.195063142477854612e-01,-1.399732830053408206e+00,9.921776568944118413e-01,-1.834712533214930996e+00,3.850422169516679038e-01,1.452515741578547681e+00
-1.310310053411739339e+00,2.899170696092814858e-01,-9.651488110821161703e-02,-1.882698046805350245e+00,9.591932645358615117e-01,-5.990768586834518405e-01,1.999562941804376104e+00,-1.900477594538604098e+00,1.310692933181687225e+00,-5.978860349096877247e-01,9.104704418883823314e-01,1.163653110157160525e-01,9.225805916218625391e-02,2.884407516621590339e+00,1.212490958802344920e+00,-2.259764672170100130e+00,1.995825257905037509e+00,-1.049945502629342185e-02,1.696872266186239875e+00,1.091138737083226840e+00
-1.014116760099978976e+00,3.206947690423906927e-01,-5.331277123585355104e-01,-7.234020430109582289e-01,9.798403707270980645e-01,-9.645740399007764199e-02,3.169496832949705745e+00,-9.728344962464186008e-01,-5.184319089856400664e-01,-4.625546678044277216e-01,-1.104697481444447682e+00,-4.678895579291362794e-01,8.650204915354950952e-01,-1.946452325138059714e-01,-7.984239996647262139e-01,-1.198329027227692078e+00,-2.652949611123258528e-02,5.476087460694000209e-01,3.530542816124745409e-01,-1.871030541337497022e+00
-1.783482946208777342e+00,3.062509152297411941e+00,-3.377965585675392346e-02,-3.295849238258408143e-01,-1.618104400674789389e-01,1.297824494051589506e+00,5.225004260780990784e+00,1.921835385640178862e+00,-6.080820159902811106e-01,1.105387909603822383e+00,-3.248387120740624301e+00,-1.338382757204068740e+00,-5.230806318512407627e-01,-1.026344551442178066e+00,9.323044466773520167e-01,1.112760151898882333e+00,-1.538934541894166452e+00,1.279229073739823752e+00,-1.113665204060746650e+00,9.581571802709063501e-01
-1.234463034116588753e+00,4.248205208202598393e-01,-1.040428875788776519e+00,-1.630947936547761712e+00,3.714010810414390407e-01,-7.709864104192113432e-01,1.760389554937070500e+00,-1.109737804419453244e+00,3.569164919803203828e-01,6.921547962048286706e-01,-3.341388188118402436e+00,7.296658129102569224e-02,-3.173678384659993357e-02,2.124100540940307535e+00,-6.991147074968254715e-01,-9.987198237388744682e-01,-1.661410125887224254e+00,1.008609890013800081e+00,2.449876742951729025e-01,8.722637492686776683e-01
3.517236434580345295e-01,2.433589073723849694e+00,-4.313114238203250572e-01,-2.861591555236280726e+00,1.392974702364699058e-01,-6.719604034183241925e-01,3.105136206604720783e+00,-1.643593216143653279e+00,2.483260831375802280e-01,-1.300843280021150683e+00,8.598983068714759481e-01,-7.584407725772038811e-01,1.943031579234794082e+00,1.307569946355996882e+00,1.575366225959061728e+00,-3.409829348610541322e-01,2.649797721001488249e+00,2.383645013728585837e+00,-2.318575147632627953e+00,1.178992485080268438e+00
8.320854730112973163e-01,-9.327161564235763036e-01,-2.617055641211884165e+00,5.611672004713589290e-01,2.578478660137650369e+00,3.012807109670763150e-01,7.750018680513283131e-01,-2.885100347924597131e+00,-2.690109198558526815e-01,7.692610572650010470e-02,-9.735517064929640751e-01,-1.570802700895457704e+00,-9.534312322138737139e-01,1.739906703919265496e+00,-7.697375142373665824e-01,5.380724559860835532e-01,1.986757379394769707e+00,1.218867594966933421e+00,1.746378271512755598e+00,-4.841808095350619845e-01
1.311865626226832671e+00,-2.553842550906091358e+00,1.795944916382635204e-01,-8.031008296958859205e-01,1.521063546059217453e+00,-1.138006737594646989e+00,2.730838631443400999e+00,-1.299804721880382541e+00,-6.405727746175468029e-01,-6.578867741906320177e-01,-9.172465731246780551e-01,-8.174191741035486958e-01,-1.205686716512857526e+00,7.636883838053268869e-01,-1.695794132579787616e+00,-1.021603197101178306e+00,-9.715553659767843797e-01,2.121755341340285206e+00,1.070113361317216238e+00,-1.431773171594194483e-01
1.935902944226066236e+00,-1.595158125470073074e+00,-1.768464743804334605e+00,-2.529581837915965803e+00,1.682618546374616386e+00,-1.560068640414631891e-01,1.511942365731086868e+00,-1.701588042684218705e+00,8.748132558798599190e-01,-1.015162475794268548e+00,-8.734681519451235054e-01,-4.208325755583411376e-01,5.166955014203449270e-01,1.834868800633263852e+00,-1.372651422759132156e-01,-2.753920100135421878e-01,-1.152456727910681877e+00,1.161909286860151491e+00,1.258641029805114719e+00,8.206519188024705702e-01
-6.747701234641975132e-01,-1.041657647988273760e+00,-1.664317023574704235e+00,-2.840553779115059019e+00,-1.941130181692815926e+00,-1.841419129567092305e+00,1.228041766072700103e+00,-3.058664622924808452e+00,1.758623874806331866e+00,-1.858046581253936624e+00,3.189752204060947172e-01,1.387687052656218167e+00,1.328616298432701681e+00,-2.752244443268683782e-01,-2.614083829883151466e-01,9.179335723466507113e-02,1.967542491453034614e+00,2.720963443840639595e+00,2.473656178061436339e-01,1.908795328188305662e+00
-1.458602625282993559e+00,9.599674131155051526e-01,6.262062298915411773e-01,-1.702910608990740426e+00,1.082304858321618379e+00,1.474942098993067552e-01,3.137477745915780325e+00,-5.579656270472443946e-01,1.243774756734712661e-01,1.607489243835661386e-01,-5.601366914393240970e-01,-7.786030774421254241e-01,5.023886339188684547e-01,3.760936674240190070e-01,-5.786789977122076128e-02,-1.718138516285466322e+00,3.064367382984991561e-01,2.692415793465264273e-01,-1.125912709173233356e-01,-7.763684642635714228e-01
-1.163393731629755123e+00,7.589471409632209120e-01,3.146608802342468203e-01,-1.822886385325500846e+00,6.081967990042121963e-01,1.829954769577804286e-01,2.286691803191624128e+00,-9.508893009576766531e-01,2.856440738162353554e-01,-2.042438730487979026e-01,-3.512172962654622199e-01,-8.892606182057304354e-01,-6.412224798412696769e-02,1.624732525348151491e-01,9.639107166379659586e-02,-1.528207196395280576e+00,1.160241846268809801e-01,6.484312483357437262e-01,2.941392134210163954e-03,-8.264796508491023541e-01
5.090681459691408506e-01,-4.089838987260843162e-01,-1.275537780347958172e+00,-2.005105665448860375e+00,-9.291070834951111745e-01,-3.264907789270625749e-01,-1.100723949394506462e-01,-2.899591306863544826e+00,1.780979370759430802e+00,4.902685388414979029e-01,1.261684043715753489e+00,8.379835182233258406e-01,1.676650905408522962e-01,2.158155089164406348e+00,6.365011278148660079e-01,-2.904082664283141879e-01,6.542597054650263477e-02,1.899034679434769224e+00,3.347254062586898282e+00,8.687942808854972609e-01
-3.977118066226465465e-01,1.568532239162203357e-01,-1.316889165275606066e+00,5.881870437358415193e-01,3.084736488605770433e+00,5.287053451551098071e-01,2.898168390345197132e-01,-3.637102968438139960e+00,-7.996743445451311993e-01,-5.547406197239052039e-01,-3.320017708159981873e-01,1.067427626202090085e+00,1.869454796962350729e+00,2.771468040695310275e+00,5.174231925934464904e-01,9.342148664383643775e-01,-4.547747372729207122e-02,1.122580534730714952e+00,2.664998216245240581e+00,3.801957474142392268e+00
-1.757624016454404137e+00,2.173609336894311017e+00,-2.314625063761124035e-01,-1.578227594220933838e+00,1.962159063529179903e+00,9.083500968436523104e-01,3.179991809201787145e+00,-9.040636489984619217e-01,1.574415873469322547e+00,1.380814246712790405e+00,-3.810307478623698452e-01,-4.056904486532832976e-01,7.325054930050793889e-01,5.068300175792745943e-01,-1.482104277421916638e+00,3.709792710051380005e-01,-5.728391037917209827e-01,8.793263487748135265e-01,-1.411841600668873209e+00,-7.603973391115921299e-01
-5.580932351726729523e-01,-9.440310955918643776e-01,7.924407088598807158e-01,2.338627004486763528e-01,-8.892149129011361897e-01,-1.257691018769038882e+00,2.317659885928444297e+00,-2.343232593469528169e+00,1.623003479990064113e+00,-7.023750653103340014e-01,-2.406697748480691179e-01,3.692659304452325375e-01,-7.594151472829172578e-01,8.541767166337135286e-01,7.769501263909360800e-01,-1.092425652502574618e+00,1.827627933556887019e+00,3.240958750828879964e+00,1.331375673997192477e+00,1.361516313752104912e+00
-2.754973758001838746e+00,1.348240487870294435e-01,9.688052690437490844e-01,8.939082096123706078e-01,-8.600675969689048905e-01,-2.425143282534160116e-01,5.457633010007881147e+00,-6.984475617327219332e-01,7.549148602796690311e-01,2.384307893247616050e+00,-3.550498408860461197e+00,1.467541298131570526e+00,-2.790801586092755415e-01,2.885631527880572755e-01,-3.994200565246678325e-01,1.645117441140390158e-01,-2.446500405703891712e+00,-1.406328273698769893e+00,7.161770758981250706e-01,1.883856165042918418e+00
-1.630959328226724292e+00,2.203834397638713138e+00,8.144226906624439932e-01,2.680102130850992470e+00,3.829244530453272399e-01,7.445586866831325201e-01,5.548787642616010096e+00,1.069428306323707334e+00,-3.155828633836770258e+00,2.157556566337925474e+00,-2.648098151597955141e+00,9.470601911932976513e-01,-2.757212575734310889e+00,1.637780166871970700e+00,1.413654630723527816e+00,-4.662028881736197672e-01,1.855459170579049771e-02,-4.490861270591201548e-01,9.531365530137594355e-01,3.112346778548020332e+00
-7.538035446886733049e-02,1.175179588982112333e-01,1.307041185489553392e+00,-1.653951102172186161e-01,1.235343715493170125e+00,-6.744978425260098609e-01,2.709130689595094399e+00,-1.177914841280060410e+00,-6.366990746852905225e-01,-1.001802646964151666e+00,-2.003841835471313892e+00,-4.373333309259637147e-01,-6.699076368497744894e-04,6.899625739863769480e-01,-1.097293790394569202e+00,-1.081665612347901373e+00,2.128086652411309010e-01,1.543729648578349822e+00,3.298619705243231448e-01,-5.205506560976139729e-01
-3.099025106973744670e+00,2.322006473541334159e+00,-2.722796903891652409e+00,-9.816211076508195577e-01,2.577511750265680135e+00,-1.614227975976436635e+00,2.045322967515815549e+00,1.721244167259539659e-01,2.313434360233165066e+00,1.004323384787839446e+00,-2.183056039705607798e+00,-5.578194868661934258e-01,1.113715465257786086e+00,1.154801055997679848e-01,-8.436021014055893330e-01,6.677872975778214037e-01,-3.243414472057545517e+00,1.064351824067000685e+00,-6.206941793494704651e-01,-2.470935232257586225e-02
-5.286688163173927091e-01,8.869644403599895588e-01,1.452664264425230223e-01,-1.670509885642258885e+00,8.778809215652891851e-01,-6.827389491533435439e-01,1.905711141885483739e+00,-2.022317402331786695e+00,2.680890824066314848e-01,3.240196142595984097e-01,-1.504553283922344109e+00,-2.960649209437707929e-01,9.062408708953330339e-02,7.620750197513224133e-01,-5.467909842613066784e-01,-7.274950194065709086e-01,-1.344279948817820036e-01,1.237266949702477081e+00,1.608632695283650271e+00,-3.690320504274912095e-01
3.503396511103182398e+00,-8.134528302873116345e-01,-9.214375800814206263e-01,-4.283778093464311598e-01,5.090005251733897840e-01,-8.332953277101952105e-01,2.594464176607144790e+00,-3.421807575485912523e+00,7.304049042879763587e-02,-1.492591039378068585e+00,-1.896971591487458253e-01,-1.104408076672687589e+00,2.033118133158562657e-01,5.475864537641177143e-02,-3.618627195887178516e-01,1.445858306212700617e+00,-8.823333837757867462e-03,2.505181975880496292e+00,1.081115167004015776e+00,5.396580995974155082e-01
2.644527981825102181e+00,-3.735126342667202670e-01,-1.143919489925464106e+00,-1.319059169637720075e+00,2.409164694508481919e+00,7.998222036150579584e-01,1.375998288428924354e+00,-9.269389998346095894e-01,1.514051914379180630e+00,-1.397504449630044610e+00,-2.842165849471023353e+00,-3.215942220323186440e+00,1.184464525083189779e+00,-7.816440906561564761e-01,5.754789368306488517e-02,-4.558855847328805999e-01,-1.163881370727566922e-01,2.092505379865625237e+00,1.642253715719752538e+00,-1.293087108947799546e+00
-2.536418465576497194e+00,2.231401809414238269e+00,-1.388039878246577485e+00,8.996621429976905393e-01,3.454356408623744379e+00,4.518610375004099566e-01,2.836272098523749730e+00,1.098006352714323564e+00,-3.420086904276644635e-01,8.066907521471080589e-01,-3.291623317262891701e-01,7.123571754593580607e-01,2.979792367228178973e-01,1.242572548980853675e+00,-1.538823550574790033e+00,-3.033593842749848779e-01,-1.325903705028389057e+00,1.478975336415520925e+00,-9.373661546845194481e-01,4.897898853385266871e-01
-1.256228534218355897e+00,-7.074260338973618056e-01,-1.162246398822558202e+00,-2.227420841822547626e+00,2.449847591988770779e-01,7.474579306121724720e-01,1.854215508311387151e+00,-1.048952681770494832e+00,1.642250427607341301e+00,8.033445023998975199e-01,1.709626377954048371e+00,1.258583250274377008e+00,-1.115768959321443710e+00,3.238251719836082732e+00,3.954368922288210575e-01,-1.248632616588982502e+00,3.089098688082455801e+00,2.059693176077147747e+00,-3.041625153254238767e-01,2.184195302009680206e-01
3.787076925719661258e-01,3.364004703878554992e+00,5.446121052240610050e-01,-1.137321181677481308e+00,-9.079065251634569345e-01,-5.360843447370798875e-01,1.495566341306342695e+00,-3.521658508101742413e+00,-7.626789429112715291e-02,-8.530868048970419171e-01,1.589621517407147522e+00,-1.580015855679685277e+00,2.120796523655333221e+00,-5.724200599674548195e-01,-1.433803969309827675e+00,-4.234080938908535430e-01,-2.822401758183552101e+00,1.916059543304246215e+00,2.611038464157068528e+00,-4.860131066468771355e-01
-2.207004962978071916e+00,1.783451059750696066e+00,-4.344489358090069531e-01,-1.353006691731088118e+00,2.093205072152009905e+00,1.396105206396436538e+00,4.205519197388152719e+00,8.344398654264072457e-01,1.540030959468150940e+00,1.340012444578780659e+00,-8.045134254194712398e-01,-8.872734270055364636e-01,7.380897962616063124e-01,9.371708001410035127e-01,2.196300104415719046e-01,2.489785560761922367e-01,3.583103775944164737e-01,2.630198630180439201e-01,-6.771052158819044209e-01,-7.286756355500524640e-02
3.279474678805027299e+00,-1.834035265360872913e+00,-1.746270908086529516e+00,-1.073167073203280975e+00,1.416064133439649542e+00,-4.416872954383195271e-01,1.879219612045768040e+00,-2.225267354761094385e+00,2.584116827297761598e-01,-9.128913651574072086e-01,-7.930751836855972625e-01,-1.029709109969750624e+00,3.023170865665133697e-02,1.353901387117165900e+00,-4.205134147999232130e-01,7.756601461526924091e-01,-5.145526752760564149e-01,1.820349535981593103e+00,1.415760214384884863e+00,6.503584346093795043e-02
-1.130173358165087905e+00,7.999280937768503685e-01,-1.706567039989948797e-01,-1.770978829288093248e+00,-8.536735214293911245e-01,-1.886185331141293942e+00,2.110733757194981353e-01,-3.980119933330350968e+00,1.803419620052816308e+00,7.389531760171745844e-01,9.839831005041528300e-01,4.912948519570188854e-01,-3.800828318132497552e-01,7.483412561831167542e-01,-4.132523609081802385e-01,-9.989512874892971794e-01,-1.363483854902037828e+00,1.343966315823857061e+00,3.285234480801677126e+00,9.287458967151382416e-02
-7.229687810558169669e-01,-2.773941088176403169e-01,1.717053764096808877e+00,-2.255686246989228483e+00,1.231929695234248889e+00,-1.110804080661059068e+00,1.453214085764999997e+00,-1.605827370793045938e-01,1.575037505990031506e-01,5.907469188001190918e-01,-1.396829140246791390e+00,5.883215907769917541e-01,-5.046728006329739280e-01,1.026494355499367517e+00,-2.648919897767532561e+00,-6.164132964318261854e-01,3.054469326211987634e-01,8.694893808925232559e-01,1.548273474027235030e+00,-1.762477751127618841e+00
-8.380104517452529045e-01,-7.356047496717356138e-01,-1.857483479637681845e-01,1.857808639706263421e+00,2.796282529729951616e+00,-8.794287386294613595e-02,2.536599340749708276e+00,-3.636600258611764502e+00,-1.650954074948652317e-01,-2.769779500552635998e+00,-1.960378862152933888e+00,-2.167210167584566527e+00,-2.552665306029037406e+00,-6.327572043583175043e-01,1.063778262565515803e-02,-1.757945454251187867e+00,3.164195040322713481e+00,4.888211191827146473e-01,-1.486961134225302794e-01,-7.839587941799535109e-01
1.235948881738858862e+00,-1.137033061058653649e+00,-5.064273175108754410e-01,-2.212411369679756934e+00,-1.411042038259131548e-01,-1.221439643909429801e-01,4.348836726993458024e-01,-1.386888652242151077e+00,8.261776556940082505e-01,5.543108409747253829e-01,-4.190131445912168573e-01,3.990249375381273444e-01,1.490331674357117386e-01,1.232540585735933503e+00,-4.979083222952774834e-01,-7.045746715962936113e-01,-7.692356706194247717e-02,2.908855447493344126e+00,2.430455439551417296e+00,6.695286895502805535e-01
2.194160336906255393e-01,5.107871676648544357e-01,-2.543424676733719858e-01,-1.152997506178654152e+00,1.046498855479546242e+00,2.058042848902776334e-01,2.414891484116296283e+00,-1.005707346735929653e+00,-1.475948236682797232e-01,-4.863896622720466079e-01,-1.220985367757459805e+00,-4.378921713794718396e-01,3.268773793697857810e-01,4.331862142482362787e-01,-7.894067906740563911e-01,-1.062676386107053172e+00,-1.106302803663229972e-01,1.788711957251889029e+00,1.283300426465406652e+00,-1.027516930043077537e+00
-2.391334884748094858e+00,2.404727003853679435e+00,-7.218569528100912125e-01,1.437084262164865400e+00,1.503388664522606666e+00,7.491240775961718334e-01,3.515642513341529440e+00,1.119238706004979100e+00,-1.497846206495276444e+00,6.636038240461039628e-01,-2.263789002097210457e+00,-9.466820430952556098e-01,-1.252055307078599578e+00,4.214078092433126144e-01,-6.263543880292479771e-02,-2.094206106419424174e+00,2.869539158326471773e-01,9.257610388836028381e-01,5.203590845272608734e-01,1.198824969603571322e+00
-1.782897172297756905e+00,4.623397452047311340e+00,-1.270072767424970550e+00,1.293122138106571895e-01,6.086198410908503220e-01,1.618951513097219630e+00,4.001959270787501133e+00,7.190754214059619231e-01,-4.110372503948798162e+00,-9.856496576316062241e-02,1.714804679504735863e-01,-1.398941628242288682e-01,-5.836445557413579843e-01,2.778779168748614303e+00,-7.058783127097358889e-01,-1.093382699147828596e+00,8.797405688648018973e-01,-1.508213326924882081e+00,-4.221551311981670135e-02,-7.999963191244251204e-02
1.231236750606750086e+00,2.067274110126450459e+00,-1.185736643055167905e+00,-2.443568424356366897e+00,1.395555839209914994e+00,9.814752559762848216e-01,1.829168482555423025e-01,-9.653697967992658224e-01,-6.146653577059323359e-01,2.536298429611925975e+00,-4.513453811146992956e-01,2.586143359870710090e-01,-1.571027795609332145e+00,2.923169424572741093e+00,-7.294301062884157583e-01,7.396966250919010388e-01,-5.818497814601452517e-02,1.296891474723453452e+00,2.540700210193915343e+00,-4.648741395035446700e-01
9.652178276329786977e-02,-1.262093481256629568e+00,-1.929611992807419851e-01,-7.058330579971044960e-01,1.057349655314170800e+00,-4.209899247295505464e-01,4.017528125618391677e+00,-1.107692732297512084e+00,-2.348482315988559943e+00,-1.494550876483513591e+00,8.785999876311147982e-01,1.478717541256367729e-01,-1.014380577917403325e+00,1.718402011073177471e+00,-3.427952411630405649e+00,-1.268902018504683982e+00,-5.197189843917095903e-02,-3.727284564627440511e-01,1.216742099741773692e-01,-1.343799410396893101e+00
-3.071281280039052652e-01,-1.083540181239741607e+00,-7.316356904335843403e-01,-1.168439587937437629e+00,1.185101947437321446e-01,-9.326815734913534994e-01,2.838169506588887447e+00,-1.083155127190182920e+00,-1.503576660014258826e+00,-1.773262453719778975e+00,-7.559646053759501161e-01,4.997807478709456741e-01,-4.300582433611365718e-01,5.047692748557168763e-01,-3.460369417597608077e+00,-1.183044057235559832e+00,-1.391520399933596552e+00,9.560381843641280186e-01,6.576707552698998205e-01,-7.151610868687234834e-01
-9.567977781339023213e-01,2.663932941969083812e-01,6.706654204733721869e-01,-3.121687590499764298e-01,1.694216944149453674e+00,-2.630786413811649904e-01,3.190139304437127787e+00,-9.236684533118703078e-01,-2.171388115565523247e+00,2.319287167599821953e-01,-9.239512785282759655e-01,-1.332896901455576710e+00,-5.442417951821862943e-01,1.919189347980503779e+00,-2.187698047050332217e+00,-2.711241181718465398e+00,3.056102948417886433e-01,-4.716789394606620278e-01,1.479017799273774081e-01,-6.921454013416346029e-01
-6.409798464603957968e-02,3.016910476109599393e-01,3.974775074687911802e-01,-1.025248183350984776e+00,8.035403610009430597e-01,4.453712388880392004e-01,1.702193213584799913e+00,-1.233496909562897814e+00,-5.049005745614864038e-01,-7.977456031238355783e-01,-2.015713164857168838e-01,-3.624330566165041567e-01,2.766687864793963003e-01,1.258765860577168993e+00,-1.429977532633976756e+00,-1.594224197485384353e+00,9.815644599398248848e-01,2.068451810159473769e+00,2.248230684097525245e+00,-4.208050737675509412e-01
-3.334442719643175845e+00,1.249325397117215797e+00,1.632890089403872924e+00,-2.424163530836230596e+00,1.306535940305187049e+00,1.518434755412675363e+00,1.110551169574976876e-02,-1.864220272559322877e+00,4.020009563625142057e+00,-8.693288330266200070e-01,3.449160573652513273e-01,1.766076977639137402e+00,-7.189072652819055165e-01,2.148832305442004209e+00,-5.045494904429722455e-02,-2.944176827264351370e+00,-1.711686609782603563e+00,4.376117503485152938e-01,1.879323655545123595e+00,-8.382246251143158355e-01
-6.957380459412819684e-01,8.679211183760461301e-01,-7.925462475758728864e-01,-1.467730858109935532e+00,2.948905007649279764e+00,-1.429793044667633017e+00,3.170639738104532590e+00,-9.700419451218649236e-01,-3.140673521467111651e-01,-1.289638226601677706e+00,-5.756352194844945869e-01,-1.895121095643013343e+00,7.627070888502431867e-01,3.920841327433920442e-01,-9.682391379136675580e-01,-2.705598021428151645e-01,5.022743718811747415e-01,-1.995947520551624998e-01,4.344894845965970864e-01,-4.587293149472686515e-01
-1.082065150838843248e+00,-4.121811425298584908e-01,3.160044323255329496e-04,-2.029149394331970058e+00,5.783090987044255948e-01,1.868206335635215654e+00,1.289867799592943731e+00,3.782455436961741357e-01,2.712686083952577376e-01,-2.912137235904965760e-01,3.606024019822640647e-01,-1.046368513993714000e+00,4.697627518219165133e-01,1.816747011976765913e+00,-2.948756320158730793e-01,-4.471966009691099586e+00,3.380114193721403204e+00,1.234017140004915802e+00,1.505174911936494109e+00,-1.242476443551077336e+00
-2.404218884652592758e-01,-1.157747027424738340e+00,-5.878246967623933505e-01,-1.713197186157929375e+00,2.170727216529107384e+00,-1.426198230258674871e+00,1.714789151769193554e+00,-2.431459206642177406e+00,1.656845080755570132e-01,-1.013113847998414974e+00,-1.706980061460467324e+00,-7.389741588843976583e-01,-1.799352812509222022e-01,-1.685701610820977692e-01,-2.434705370837630944e+00,-1.584724127128382731e+00,-8.955581547790496533e-01,-6.745520478917373108e-02,7.530744554538718605e-01,-1.061804603622291454e+00
-1.544597149852132256e+00,1.797923493669747907e+00,-1.704364678263657673e+00,-2.247520236045633113e-01,8.872864113067007175e-01,-2.339181211355890466e-01,3.453247965443089207e+00,1.153102633326309467e+00,-1.738258191341947034e+00,-9.284060201733812523e-01,-1.297354536484836895e+00,-7.169004022563827405e-01,-6.556456885141100921e-01,8.480910008298385705e-01,-7.539337786444323397e-01,-2.699343468569902704e+00,-5.730777449500356058e-01,1.130840083369224036e+00,1.236389791933376336e-01,6.425445588395259922e-01
-9.332304445319935526e-01,9.472807274650428544e-02,-1.709470565867301950e+00,-2.956829423400730850e+00,2.203478823369809714e+00,-6.583177143882946725e-01,3.877425904165480830e+00,-1.050636098661240359e-01,1.502349456406461670e+00,-8.264718249166570496e-01,-1.397588761897951892e+00,-1.870408352847831246e+00,1.431026804438902511e+00,-2.437966952514056374e+00,-1.307335997793041438e+00,1.976495166651432767e+00,-4.631094202586543140e-01,9.043430747828580252e-01,-8.754386699052151277e-01,-5.043206658926449037e-01
7.199385546432576777e-02,2.523061226815755731e+00,7.579477530937020480e-02,-4.658816768575113620e+00,7.138926220865193795e-01,6.223162248610890623e-01,1.363501131041548187e-01,6.034865577340008391e-01,1.123861291574593801e+00,2.036169936943829306e+00,-7.825659009602167204e-01,7.930551359230689767e-01,4.350942969062480681e-01,1.379223949414458250e+00,-1.660237278169172548e+00,-9.843024378529880991e-01,-1.455089794783411383e+00,7.787653652635819768e-01,2.406597892788510773e+00,-2.495526522844885964e+00
1.830659936396017984e-01,8.421014028345216174e-01,-3.666586029712198824e-01,-1.973843813147381665e+00,6.171483456079573937e-01,8.706055548716709058e-01,1.071591716398807126e+00,-1.237303422326327729e+00,1.193856794107336916e-01,-6.770228568897574961e-01,-3.060599664611210358e+00,1.432428207058158154e-01,6.723433941054653973e-01,5.874516470126040944e-04,-1.678405004483856988e+00,2.831409828698793207e-01,9.916528664382127933e-02,1.754665793269490015e+00,3.923325220937398106e-01,-8.052041836096697214e-01
3.665754575094228307e-01,-4.207836974257720963e-01,-4.182694450726573088e+00,1.533156382442753651e+00,8.383611331825292501e-01,1.029757331733432757e+00,-1.417216885773674717e-01,-1.571644094456257967e+00,3.507149758064026512e-01,-9.533715303974372723e-01,-1.038352409456295700e+00,2.225538049671456520e+00,-1.212356372912198749e-01,2.812875447051467415e+00,-7.479523552277271836e-01,2.908220805862980374e+00,4.404954922108232918e-01,1.488123215651794951e+00,3.440454526158847504e+00,1.209331112333373648e+00
4.690919928242778258e-01,-1.619064218141582634e+00,-9.016694924027092162e-01,-8.702391834391838277e-01,2.299167545007441138e+00,-1.972495413746548021e+00,3.557954453204264844e+00,-1.103765661949134502e+00,-9.319371919939557491e-01,-1.385724142082145782e+00,-1.723361874611505140e+00,-9.491260694246463903e-01,-4.708199875412617530e-01,-9.852684611070389176e-01,-2.040171248602244525e+00,-1.258041737716171893e+00,-5.089191386467382117e-01,4.144197195952880053e-01,4.502450990502805950e-01,-4.770994094015585385e-01
-1.182021195540060132e+00,1.431573090054178099e+00,-4.922660657736297463e-01,-1.514813499680065956e+00,1.273495436406956616e+00,2.723704244894616711e+00,9.357094316806139345e-01,-8.705644150768792056e-01,1.718933766570194477e+00,-4.910978722351330150e-01,-1.906758332429545066e-01,-9.598817045191312403e-01,1.353096688385571511e+00,-1.502103119245431939e+00,-2.634337820525730844e+00,3.837701484022658649e-01,7.428861192490883170e-01,2.415891902996333940e+00,9.823817188707224535e-01,-2.117600230919470583e+00
6.409710235680990964e-01,1.030743831920090781e+00,1.009580492702589316e+00,-1.713793888577006097e+00,6.534855637671944661e-01,3.324424464536306772e-02,9.942376446787435373e-01,-1.942013093427784165e+00,-2.353304628919618557e-01,-1.681525807833195718e-01,-5.261509887604879365e-01,4.106890042730003687e-01,6.410479082422306796e-01,7.431667140588480436e-01,-2.395547724528354738e+00,-2.728480864137223794e-01,3.248083805806871283e+00,7.348736747595113750e-01,1.210748785217049761e+00,-2.894943795056699187e+00
7.458440744979674131e-01,-9.718983258992355267e-01,-4.389433865471029095e-01,-7.513684757331134945e-01,6.600992796745734914e-01,-6.649711970737723701e-03,5.091835516600343725e-01,-1.083095664307691219e+00,9.047071953996411731e-01,2.259022585430030539e-01,-1.882120843951866407e+00,-1.880606023093282231e-01,2.893709452265663673e-03,1.188422996763573325e+00,-9.662892459073708640e-01,-3.628335134301590159e-01,1.441978836885788595e-01,2.293138206594756312e+00,2.720952887578699908e+00,-5.122112535979481684e-01
-1.098139476813023041e+00,-2.323543108866098772e-01,-2.287448442876019783e+00,-2.932203900784525974e+00,1.850746294956676641e+00,-9.447400861812145223e-01,4.188173586644071911e+00,-2.349050927571884329e-01,1.366082595968926006e+00,-1.050460237267855534e+00,-2.075727047622409338e-01,-1.164220445169303453e+00,9.764171899110167807e-01,-2.448193161324047296e+00,-1.997528261169106978e+00,2.598624739634106895e+00,-2.821586553655999197e-01,9.454636952376437309e-01,-7.946446271735867484e-01,-5.510656521983848810e-01
-2.687624746653626495e+00,-1.375124497782634070e-01,3.691977389762371442e-02,-3.095300698525193517e-01,4.384856847196320628e-01,-1.481845020914296374e+00,2.063952197680381850e+00,-1.007415141561967431e+00,-3.457735521645049492e-01,1.512456522956478810e+00,-1.055944393742968668e+00,1.673041901085953631e+00,-8.889610079074996563e-01,-1.221350998107431779e-01,-3.633539720182004995e+00,7.410281350072653872e-01,9.394565004818788978e-01,1.339321852300734417e+00,5.174355583367601374e-01,-8.988178899635096419e-01
-1.354870662848323970e-01,8.530855636122842978e-02,-8.755675106560343313e-01,-1.459288203829920860e+00,6.468223297127609905e-01,-5.727478016347680168e-01,1.496033783024688590e+00,-1.385212532233762506e+00,9.999073982873444288e-01,4.112105354054695905e-02,-1.517130430426161913e+00,2.287951577190944774e-01,3.249313135263757757e-01,-6.894438704063012846e-01,-2.600810741408749571e+00,7.983725456384991315e-01,1.939409108471842114e+00,1.736725202565029269e+00,8.322285745512559840e-01,-1.386212325378985089e+00
2.819405648851015744e+00,-2.497688875638000905e+00,-1.380879693921626128e-01,-1.094582620232934955e+00,2.426838311928179337e+00,3.474835228310427793e-01,2.511751655784092208e+00,-3.529248855695339970e-01,6.891560408324849396e-01,-4.257323252189083029e-01,-2.207401307526707157e+00,1.614970119196751375e-01,7.783261397709241303e-01,6.795254721890511274e-01,-6.856483104156378960e-01,1.065256085215275261e+00,-2.418345438471906361e-01,2.286087595331315114e+00,1.086671610665473242e+00,7.571405897947607322e-01
-2.541106017791400440e+00,-1.866681823589320555e+00,-1.567727343784504346e-02,-1.358063770337377685e+00,9.190872444573259248e-01,5.762994327715987852e-01,7.817633361673907988e-01,-6.178609763960719592e-01,1.566046978479084473e+00,1.208580460656766720e+00,-1.989481207743716562e-01,-1.456521988817181201e+00,-7.886833820451472077e-01,3.591563455192784193e+00,5.236956680775129991e-01,-4.807192544382094646e+00,-5.729587272100483686e-01,1.172612793762723316e+00,2.035546940751145506e+00,2.366338703846551372e-01
-6.204322766370500286e-01,-1.485098134474579057e+00,-4.350928376434936573e-01,-2.280195973885869032e-01,8.967597654738054258e-01,-1.688996941419422804e+00,3.718325997448288511e+00,-2.424199104058725407e+00,-2.000023030775090582e+00,-1.427710457382910247e+00,6.179206125812728434e-01,2.041486481376557638e-01,-1.309780370863238064e+00,9.935956494791483573e-01,-3.519176557382675430e+00,1.384763035207568597e-02,3.217729751482860667e-01,4.118602223155787834e-01,-1.546624020965784441e-01,-5.973680736119051371e-01
-7.197618104845379117e-01,4.623665256394620116e-01,1.073713132551763899e-01,-1.729472609219963486e+00,1.256994149021553486e+00,-2.936226146477802779e-01,2.361390882771638111e+00,-3.460832324901809698e-01,-1.452472804365215024e-02,-7.364106989394632041e-01,-6.674724261968016936e-01,-8.147555624794575735e-01,-7.536554397399219951e-02,2.252129983060855989e-01,-2.087267708677325861e-01,-1.447251665583404456e+00,3.228758109763262274e-01,1.177330086401094045e+00,7.272300369186471825e-01,-1.795742761861600020e-02
-3.135923791902051949e+00,1.980147979858341456e+00,-1.445868651057401921e+00,8.521111094094026284e-02,3.287520010466481679e+00,-6.256918783081435453e-01,3.236205401550946270e+00,4.504184693705093334e-01,8.300854998839491961e-01,1.039289101557448802e+00,-1.981946864031409961e+00,-2.570389599237652978e-01,5.264510995514087854e-01,1.592166070080783147e+00,-1.068367306558683921e-02,7.006514466304338828e-01,-2.229504703160654078e+00,2.586787565991699456e-01,-1.239904362700358975e+00,6.608390803989147022e-01
-8.625623713745655952e-01,1.660901133066207569e+00,9.858319692985139104e-01,-1.240393142916309394e-01,-1.680606803344908695e-01,1.223230237712018831e-01,3.672865853035662376e+00,-1.287835856453767303e+00,4.500491525731675768e-01,1.406966085615752593e-01,3.396603139143735128e-01,1.190162429730215576e+00,-1.211784208999101276e-01,8.719212779067525565e-01,-2.648938127448985380e+00,8.571556496934106262e-01,1.365925368691180530e+00,1.314005193454955700e+00,-7.933257884854014730e-01,-1.218834411045199850e+00
-1.971569280198652185e+00,1.217394153752482167e+00,5.948822833751338246e-01,-1.115884340253287865e+00,1.272794168282372240e+00,-1.842136545768086497e+00,3.791816146208920379e+00,-2.350989508794632532e-01,7.979627040757604206e-01,1.801002171925778939e+00,-5.724130900904319530e-01,2.365788729177530081e-01,-1.685242962492457253e-01,3.208187506655559851e-01,-2.449229552014549949e+00,8.282398169312134018e-01,-7.053771897245904657e-03,4.281680133960826806e-01,-2.656730778217752387e-01,-1.543226455539771669e+00
1.531017694822783382e+00,-9.772718876733387239e-01,-2.674860532896656817e+00,-1.357541837722807454e+00,3.558519527744061217e-01,1.063006323945408615e+00,3.495802362193137225e-01,-2.460758387744423015e+00,5.642349871063697675e-01,-1.473095230874293948e+00,-1.153947674862310091e+00,-8.413147337799578018e-01,1.027550665570770017e+00,-5.825440167490573140e-01,-1.328198199331272367e+00,7.837844068192199032e-01,1.424805828265763186e+00,2.076912013706659899e+00,1.229423991909940561e+00,-7.643727028921194488e-01
1.500731066863226992e+00,1.958063121902142267e+00,-1.411228092607215601e+00,-2.143776290512272364e+00,-1.517692499956887264e+00,1.871143501176388835e-01,8.255122344382294086e-01,-1.252229566946782002e+00,5.785165650899757317e-01,9.496373318058113355e-01,1.664285055037894312e-01,7.567957717168083409e-01,-7.948612866996450643e-01,3.133668061088523693e-01,-1.151779586407920775e+00,2.521651561608249104e+00,-1.880500219991495303e+00,4.021841446283496602e+00,1.912483529244856983e+00,-2.757414040475203443e-01
-1.582726482425437453e+00,-1.486759440545968758e+00,-3.220033043096993453e+00,-7.689562143300352481e-01,1.040480678399259284e+00,-6.295416977309502560e-01,-1.115512772451024537e+00,-3.865493573156669527e+00,1.558704927214650884e-02,-5.680849756391909144e-01,-1.223575474978975952e-01,5.694733609818346531e-01,1.925356569490681569e+00,-2.697131525516602291e-01,-3.304327797771312802e+00,-1.086751951621687945e-01,-7.015017924022205753e-02,6.740191843392553395e-01,2.800914744767533104e+00,-2.628007813921363622e-01
7.770886013680140536e-01,-7.076996808175846088e-01,-1.080838602342782062e+00,-6.190680128983460095e-01,3.302852418134988866e-01,2.741319441291085734e-01,1.903231911515146368e+00,-2.053009874435612669e+00,-3.284344303838795942e-01,-2.079408367987270800e+00,-1.030081258897352914e+00,1.758638134341958814e-01,2.660806029095592051e-01,4.408613386221228447e-01,-2.245041474574239970e+00,-1.417936475329366897e-01,1.107495027127171072e+00,9.532713893697870589e-01,1.208584830535076149e+00,-1.541626574471103739e+00
4.495456021914832068e-01,-1.560854156871398724e+00,-3.018215158006460896e-01,-1.951103827800962254e+00,-1.359517056495955334e+00,-1.260068519700148493e-01,8.165152253847302033e-01,-2.173745567852113592e+00,5.645027166054163992e-01,3.582061089450394586e-01,2.363547902251924293e-01,6.819922560513870247e-01,-4.439014025870514080e-01,4.011433741299001987e-01,-2.215388468865676419e+00,-1.123649247764367587e+00,4.134946468000072484e-01,2.209978599151380951e+00,1.995582492687949960e+00,-9.421053710196394260e-01
-7.902932174779254693e-01,-6.174849187376418858e-01,7.938889187816091653e-01,-1.504263805254931474e-01,1.594875421506927182e+00,-1.231291827637634340e+00,1.596178824555365861e+00,-8.056509859725176081e-01,2.273617291153618436e-01,3.378517252516818892e-01,-9.049368135723450113e-01,5.729202987197075103e-01,-2.482360420045703897e-01,2.012715690837272753e+00,-1.396174410116443054e+00,-5.549527751304952350e-01,1.311784804042817498e+00,1.595137102113339145e+00,1.845194878149315487e+00,-4.722013210995992250e-01
2.210883384671367136e+00,-7.151793089094886646e-01,-7.897081129885415995e-01,-9.831837563473403430e-01,2.270555281730945119e+00,-4.948635145544892644e-02,2.012971955594047291e+00,-1.555262713139612396e+00,-5.548011496839441170e-01,6.131725036095579950e-01,-1.108861852407134085e+00,-7.156484802694457192e-01,-7.337124719411217688e-01,1.772356562930055501e+00,-7.967735890275257082e-01,5.928845004556344556e-01,1.764537822771927944e+00,1.612074514016873295e+00,9.283071263220554759e-01,-3.117709411881468551e-01
-8.855252037888898531e-02,-1.350739886884038121e+00,-6.561881577066953630e-01,-2.243106316058832483e+00,2.114797420503322645e+00,8.536428661075439184e-01,-1.240947580449774046e+00,-2.317477125787491821e-01,2.243265970163964562e-01,1.279058416336632087e+00,-3.122451636132528296e+00,1.389068681322508159e+00,2.632935199854439801e-01,1.426946941168239613e+00,-2.170481358438849817e+00,4.100049615535375502e-01,1.465989382233560345e+00,1.883213030284456968e+00,2.364786382569058709e+00,-8.506330488431850245e-01
8.955085552393559079e-01,-1.534391648108005102e+00,-5.456488200833069513e-01,-1.031207664590614081e+00,1.044498901611899511e+00,-8.902632140983464115e-01,1.932215773716043916e+00,-2.296289855867909679e+00,-1.320799721433197904e+00,2.583477741476535861e-01,-7.335020440034695222e-01,1.343069499103334952e+00,-9.472290037582853373e-02,1.164083876763802872e+00,-2.195328381618127267e+00,8.120496373238773602e-01,3.822559855947379237e+00,1.354709453341029990e+00,3.330784133764889132e-01,2.337855433045117892e-01
1.325975781316051094e+00,9.921764841366333965e-01,2.646679025351967862e+00,-8.518075017706203678e-01,1.806476091969378084e+00,-9.551022658188694781e-01,2.389889519882331115e+00,-1.015823501781156768e+00,-1.595612250991457204e+00,1.161623015244632295e+00,-8.505575896923894819e-01,1.882478759706756488e+00,-3.692342972778069332e-01,2.119441778508078134e+00,-1.263943120912962348e+00,1.317335576666615049e+00,1.146227869732450166e+00,1.686941186644678847e+00,9.184046071565740155e-01,2.659181847617252403e-01
-6.179551842317393406e-01,1.413883411017194724e+00,-5.065693454845289878e+00,-4.700884721312453274e-01,6.275207629614065752e-01,8.385522639782894139e-01,-2.652396831522044751e-01,-2.814324238745706808e+00,1.113568635814808250e+00,-1.279394574750618851e-01,4.762547703431970758e-01,3.804321520193140738e-02,5.890797555830210586e-01,5.641415836955858687e-01,-2.046562214989222195e+00,3.016302728555662060e+00,9.022028408175659653e-01,1.180934783933414556e+00,1.632576262949758883e+00,-1.047249883316431651e+00
-7.316878476983327273e-01,2.920562109590338906e+00,-7.590226479500536971e-01,1.795080995943989288e+00,5.608524733474820057e-01,1.142463530510798186e+00,1.897540787709019794e+00,1.933098020912764836e+00,-2.825653318115661228e-01,-3.973347621272872221e+00,1.014622980734400659e-01,-9.762655976412268899e-01,-8.832588747774117177e-01,3.248600140329808372e+00,-3.316052512169107569e-01,-1.353822580800740361e-01,2.261731963037462823e+00,2.082817066100193237e+00,2.051695442018186988e+00,-3.802586069058631502e+00
3.565779240651616999e-01,-4.609571007050236591e-01,-8.908063017152227925e-01,-6.462477718557469997e-01,1.194634260084485033e+00,-4.432865981785618636e-01,1.182316509056517084e+00,-1.633772976260871257e+00,3.010169305180457888e-01,-5.027326571539758593e-01,-9.284521720853734505e-01,-3.427381161702015566e-01,5.224185334721242330e-02,8.247343864195310070e-01,-9.443276808191692906e-01,-4.036691338118398864e-01,-2.853795238135633516e-01,1.551709587633383514e+00,1.979535995322793340e+00,-9.095194263567227821e-01
1.198673596153592147e+00,1.140460743100750296e+00,9.821234834252240420e-02,-9.334777597405058414e-01,5.058700033164929000e-01,1.193111030222058666e+00,-7.363769280177174803e-01,-2.210372661865960708e+00,-7.799497102232590129e-02,4.488367589602235141e-01,-6.939243994139930871e-01,4.645057709515651445e-01,4.699094289535601932e-01,8.513534358743407582e-01,-1.425170709324155904e+00,4.786105372735220964e-01,-1.326474903857683962e-01,2.127132446492967066e+00,3.427788094129046392e+00,-7.987216288306083767e-01
3.449197249469184712e-01,-2.096512016609444751e-01,1.000047256676616092e+00,-1.884159977074504111e+00,2.503352963816480314e-01,7.228008360813087396e-01,1.238299479980388806e+00,-6.162234924173802808e-01,-3.531084493255971513e-01,1.318542184773477288e+00,-1.790430693101078274e+00,2.217603730125578654e+00,-7.360591298178327246e-01,1.033843832277989927e+00,-2.479631200101057864e+00,3.274503656921310402e-01,2.052503946459450557e+00,1.881932213209049021e+00,1.132823488052332461e+00,-1.016167833951957533e+00
1.268016940463045028e+00,-8.324840212747913054e-03,1.104008108106306896e+00,-2.712597579785722246e+00,-8.564406045000180212e-01,5.393457613489196500e-01,2.983332575831591504e-01,5.544869532885685626e-01,3.108975541656148756e-01,-6.205598497359517962e-01,-1.766787299688518331e+00,1.689325685628270790e+00,1.847705908824895493e+00,-2.230166618908056286e-01,-5.141515759250756545e-01,8.299684995174870794e-01,2.030784445762197077e+00,4.905635755808511078e+00,9.830128817921331974e-01,8.800305752562918027e-01
-6.730249805234166383e-01,-1.409476665170759979e+00,9.779498790335808822e-01,2.382032771874950772e+00,9.130026496144416637e-01,1.230198393693994197e+00,2.073618977112270390e+00,-1.363331938962809797e+00,-1.686381996283744522e+00,-2.418026132339295420e-01,1.122743950983770889e+00,-8.247917728357182510e-01,-1.615489372153565695e+00,3.173200151358477328e+00,-1.425638051214007218e+00,-2.056530703021373974e+00,2.999557489787730624e+00,2.125856837283092826e+00,1.808660679875836896e+00,-1.283011552619197637e+00
6.260625404731023913e-01,1.704417016801876850e+00,5.091859035980069725e-01,-3.368520364958022206e+00,7.668161219646450755e-02,4.869154062327704091e-01,1.260247701386949803e-01,-8.420748177435011250e-01,-3.285702500041384200e-01,-3.761283282562846164e-01,-1.913729330053144162e+00,3.129501023347273758e+00,6.511122494426162532e-01,1.817669454595663980e+00,-1.555209259375581188e-01,5.565427665816812253e-01,1.014172909094394504e+00,2.533899567495717431e+00,6.685132573105153631e-01,1.827811206345721695e+00
1.710642855180692257e+00,1.124114219172989981e-01,-6.887437712781431243e-01,8.486507449701209405e-01,3.102450811461815228e+00,8.718002220877113517e-02,2.490275754705722822e+00,-1.805681854869822800e+00,1.630075013813971463e+00,-2.374901918240968079e+00,-3.253745878382967138e+00,-2.962814541697636805e+00,1.094306533819239036e+00,-8.993459619799654137e-01,8.161035330725923131e-01,8.431355192039202923e-05,6.396282122292122896e-01,1.365185008341685657e+00,1.338942394080061105e+00,-4.962181113846649699e-02
-4.575819932670571966e+00,1.207954213355430184e+00,2.754477862741490313e+00,9.777515811967567583e-01,1.582522453694733100e+00,9.511131931078956048e-02,-1.047173094287444373e-01,-1.584888891188238613e+00,-2.533424294957755230e+00,-1.482074630844069540e+00,-2.393854437200769514e+00,1.492049191745406400e+00,3.391748406898887236e+00,-4.512819178572638812e+00,-3.089110262251005157e+00,-4.063249755241397310e+00,1.314686087870916120e+00,1.036245406646663758e+00,2.660917034789902491e+00,2.462376619060827831e+00
-1.003796874333571454e+00,1.970209165832924825e+00,1.972462919552977256e+00,3.598526029860525721e+00,1.245644877343256018e+00,2.505227020522327042e+00,4.328437667399384736e+00,1.934829454787896141e+00,-1.188777187191420115e+00,1.837673098369069891e+00,-4.402526146581150712e+00,1.777565567959067616e+00,-1.239475549312079705e+00,7.362717704787375972e-01,1.507146365525342757e+00,-2.235571770007934944e+00,1.266638731955554542e+00,-1.125448387342128931e-02,6.262945329350930734e-01,1.929596371031625068e+00
2.473492335588969582e-01,-2.069734496195281548e-01,3.915299306654317912e-01,-2.950727850857426393e+00,-6.571026421031803677e-01,1.106534664548494001e-01,1.608617932578669141e+00,-1.099991188545303977e+00,1.331625845109816630e+00,-3.099814289484665308e-01,-2.515781046316617475e-02,1.643606322379881135e+00,-8.572009025762310497e-01,1.953181446138524402e+00,-7.472338964417316043e-02,-1.170481590539004246e+00,1.663506030430750571e-01,2.148245534967604620e+00,9.332064381866898017e-01,1.463307845023965187e-02
2.070657447764500780e+00,-3.155153474797298685e+00,-1.307318656041544180e+00,-1.629162459270468544e+00,5.751237794146891735e-01,-1.929347555786845858e-01,1.247077197693686523e+00,-1.277212211550770027e+00,6.626340679056613725e-01,-4.463934163441398706e-01,-2.444728487503410097e+00,3.811596926512027944e-02,4.179396930405516741e-01,1.420256080560987400e+00,-1.083189684325996049e+00,-3.504953573096938890e-01,-1.427189138957519976e+00,1.937445235092265738e+00,1.547235591298570467e+00,2.057148029388536636e-01
-3.013207794511241766e-01,-1.271244851204779369e+00,-8.505721635480376630e-01,6.570635013296503013e-01,-1.378812629356379327e-01,1.443088343607180413e+00,1.582650204979698938e-01,-1.073105889275475899e+00,2.848328626112312190e+00,-2.809946447151229432e+00,6.802180948754678047e-01,-1.237629026383640474e+00,2.049431176356365292e+00,3.461689874231243191e+00,1.138777213530010490e+00,-2.430960892228989145e+00,-1.198965849483156071e-01,2.112710953887515952e+00,4.014257798266368304e+00,5.511148142636980163e-01
9.466712120898093108e-01,6.635583657036908667e-01,6.126439724979456658e-01,-2.247290113540125756e-01,1.551990240378399610e+00,1.543790302331135234e+00,4.391240827714934514e-01,-2.795592950186572168e+00,-9.323945442235509473e-01,1.308360771566088765e+00,-1.297819161242300012e+00,-2.491302507164816049e+00,2.164398552019395905e-01,1.608352640438536874e+00,-9.704244984614804892e-01,-2.952356181312266070e+00,-1.236494956917278065e+00,1.978710202183365574e+00,1.831019143325918419e+00,-5.964266372503695957e-01
1.591368139518164027e+00,-8.788769646522481827e-01,-1.064148077571487105e+00,-1.394230822228152755e+00,-1.376356406884733596e+00,6.716406068203623070e-01,1.346951807598354145e-01,-2.593686470266320043e+00,1.376483918050787292e+00,5.482561030418060533e-01,7.340890252170291230e-01,-1.398446901280547161e+00,-1.219804527934925664e+00,1.031392800432141987e+00,-1.129730534608548886e+00,-2.233431439425154430e+00,-2.041098641211352316e+00,2.466498401870421464e+00,3.117465997293272117e+00,-1.673915180980321660e+00
1.553181789792060785e+00,2.456596453408739666e+00,1.451588429055082452e+00,-3.926144636846762292e+00,7.489496483647241076e-01,7.048938999553451268e-01,1.510250064672684189e+00,-4.812831407682093277e-01,-4.668923800206520869e-01,-4.007090569495990184e-01,-5.258028686877893598e-01,1.156651495707271105e+00,9.127190452210220961e-01,2.959089033559158199e+00,1.784430973480349625e+00,-1.009188189755940268e+00,9.335817792245241220e-01,1.461468510652298214e+00,6.543042770880789227e-01,2.339550811172006473e+00
5.352543332569393852e-01,1.920902342255170536e+00,2.067784138313199627e+00,2.396570488758669459e-01,3.036945975825410260e-01,6.039826462737725443e-02,2.924021654289990835e+00,-7.814015232601416727e-01,5.620797365583426464e-01,-2.161821457801602619e-01,-1.633715297228159224e+00,-2.957945567207089996e-02,-4.938621840086793169e-01,3.154436348899120057e-01,-2.571574734486038460e-01,-1.135119945136297881e+00,6.868849011917275149e-01,1.936205339580832963e+00,1.185711358527435921e+00,-1.487238519892696842e-01
-2.295164273555360346e+00,-2.742384837768896411e+00,-1.653176225539890520e+00,-3.094269174805164724e+00,-2.154009364799147619e+00,4.222443896860225698e-01,1.441393317996465973e+00,9.169160445004318483e-01,3.559829417098486104e+00,-4.873064244722835059e-01,4.667283437821846404e-01,2.677641037899736176e+00,-4.020438727756221464e-01,1.576479035553403740e+00,-1.061974067194948912e+00,-1.367621934184944266e+00,-5.264026441879954277e-01,3.154503791613615604e+00,8.320356634035480647e-01,8.055052960082221825e-01
6.478419551891093642e-01,2.010155433011949988e+00,1.543836381670200542e+00,-1.360963477687039402e+00,1.371247096540139765e+00,-1.355888090388116252e-01,1.976504003772150408e+00,-9.346704913814594118e-01,-1.510763768378278638e+00,7.449680764945161293e-01,-9.146385645007442111e-01,1.574158801709984568e+00,-9.914626979028630105e-01,1.396645848569591619e+00,-1.233527390905224008e+00,9.655663957651601237e-01,1.458019734423400049e+00,7.342625892753106287e-01,1.997732032049861939e+00,-8.344924093076333538e-01
1.352020780931498134e+00,-2.048639987512420879e-01,4.013968658981495463e-01,-1.526887887385904419e+00,3.252782314805254260e-01,3.646185126625899331e-01,5.693252075865101736e-01,-1.843881600672762078e+00,1.104827392952717341e-01,7.045341989285555107e-01,-8.391582191588117245e-01,1.179923417987574497e-01,3.004261413569124795e-01,8.627944317706258692e-01,-1.563159291256125405e+00,2.026743257394882369e-01,-5.400596875234289218e-01,2.481256054543638623e+00,2.291326282220272681e+00,-9.192028462534787003e-01
-5.731550592310351577e-01,1.086953761492752246e+00,1.884448220474888913e+00,1.570474553991238587e+00,-1.489599558220673803e+00,2.432870905441182341e-01,1.879795203961148742e+00,-3.560904957824050587e+00,9.692008837245051286e-03,-1.266082997433696233e+00,3.711951442330343465e-01,1.187208161128697537e+00,1.291222941251679801e+00,-4.405739275052214521e-01,-1.960604151522208793e+00,-1.858680103649608117e-01,2.707968677845885797e+00,3.333692165838663346e+00,2.713433751390481596e-01,4.378562189120258075e-01
-1.363273634656067212e+00,4.993735113161451578e-01,2.126857067493610920e+00,-1.234771458774674313e+00,2.242465594773448145e-01,-2.150550775430919437e-01,3.210475894582367928e+00,-8.420586265249613289e-01,-1.080884160442498354e+00,2.335009065075665247e-01,-8.960931386150999822e-01,3.368346418244660967e-01,-1.499296956854547558e+00,1.413921215750134852e+00,-2.250093857921292351e+00,-9.155748335017273032e-01,9.419507786492110624e-01,2.155612627693529737e-01,1.425743220248149035e-01,-1.811328776647850969e+00
-3.669621550960575629e-01,1.572354039668123260e+00,-1.075572849821010701e-01,-8.096906791832060302e-01,2.857549414263449439e-01,-6.645168047392558952e-01,2.204824149376534148e+00,-1.575157473233573802e+00,3.034172369475884173e-02,3.575832661915799848e-01,-1.778275894504673105e-01,3.522590132519614059e-01,6.651044641886551256e-02,4.638118939665018536e-01,-1.728021429079435567e+00,3.167161346168350100e-01,2.851644560871539724e+00,1.773529226418698812e+00,2.379350988280245771e-01,-1.135418806988933271e+00
-2.003423765897559328e+00,6.790113621639413122e-01,-2.300132087149101334e+00,1.761063546637763100e+00,-2.038514572373880007e+00,2.548106683793416316e-01,1.780751049322017776e+00,3.134723875518008462e+00,2.204293389750158205e+00,-5.322239060836230884e+00,-1.415967597946933054e+00,1.526685721346636049e+00,-1.480694368334359856e+00,1.769708854829608269e+00,-1.079067269972195264e+00,1.741783502116765803e+00,2.401377052968235171e-01,3.002619830470627527e+00,3.250448898854043200e+00,-2.044532433792712212e+00
-2.042911037710805733e+00,2.162184145199321783e+00,-9.454528915506964226e-02,2.281957664310001022e+00,-3.202992563459896580e-01,-1.052324280126104156e-01,2.372060763336209632e+00,1.559177108884639784e+00,1.153200379174827983e+00,-4.240898765788833735e+00,-5.980940374971497331e-01,3.205074803563234820e-01,-9.773017637196882434e-01,1.412839941561478962e+00,-9.132413092645238484e-01,8.080024305491045888e-02,-1.529241419035621830e-01,2.535548885781138129e+00,2.210734430374179826e+00,-2.628739664291042111e+00
-4.731743683030576797e+00,3.225824581594899376e-01,2.788425653625810519e+00,9.207349488707597049e-03,1.354590585218271137e+00,-6.012706584656417608e-01,-7.347365772265598283e-01,-1.836968077419159462e+00,-2.018813346058799141e+00,-1.917733339115978985e+00,-2.600452073129571939e+00,2.115729073156249029e+00,3.864955485663961188e+00,-4.860290522052859608e+00,-3.894723753264422772e+00,-3.752214897032425167e+00,5.098926783175072863e-01,8.837422250805340163e-01,3.172334964228729959e+00,2.235447147925845091e+00
-3.532210887116005615e+00,2.543695205732084741e+00,2.773701976169314687e+00,2.137846899230539499e+00,2.383981274060651412e+00,1.243923897568233849e+00,1.974617122733162811e+00,-3.825933725565592303e-01,-2.846250815878925255e+00,1.034599991224113502e+00,-3.247370730586256027e+00,1.443717291012247106e+00,1.170479205732684713e+00,-1.286265081866050375e+00,-8.877937475436310788e-02,-3.811749731099233429e+00,1.588562959379087869e-01,-1.036296188944708208e+00,1.209755626034962228e+00,2.836507767611282205e+00
-8.352830388507489490e-01,1.684585937808787293e+00,1.103724109902641803e+00,-1.441082265550080344e+00,9.593451456074507389e-02,1.969504286289803785e+00,1.357123744265463117e+00,2.785811488501404587e-01,9.203694004349614044e-01,7.015324204403219355e-01,-6.003955643338507731e-01,2.013233269104836243e+00,-2.463721679872405979e+00,3.850702011856451001e+00,-8.124063996255804776e-01,-1.906418651132686604e+00,7.916088349989667261e-01,7.440408418461597062e-01,1.857865038654852530e+00,-1.905887446291791631e+00
-6.582033233269440897e-01,1.996873911905244547e+00,-3.162519564898139124e-01,6.860439237753973574e-01,2.534989074279677679e-01,-5.165609894599404450e-01,4.228468666368958018e-01,-3.737305830550798458e+00,-2.066005758523360214e+00,1.982547041227002982e+00,1.767930014861385013e+00,1.078940192840706080e+00,-9.921936168857442562e-01,2.785181295191260009e+00,-2.418714737594397590e+00,9.493932956934379996e-01,2.364898099538581544e-02,1.339042123109361659e+00,2.775282219545329720e+00,-4.009951073738384220e-01
1.384584326933566256e+00,2.610128003871359681e+00,2.438738485893379604e+00,-1.830276994693704751e+00,-5.567008866732385541e-02,7.322686928869659440e-01,1.155106577538859369e+00,-1.589757536887208555e+00,1.553976705739390507e+00,-4.642088019879997418e-01,-1.832658954599744927e+00,4.244242209330084670e-01,6.347602370000927641e-01,-4.415152170283135891e-01,1.432315407810784147e-01,-7.244203922589914635e-01,5.957737957727984313e-01,2.633618024201819896e+00,1.233326969021065533e+00,-6.761113071358495485e-01
1.378146598326673411e+00,2.644359802088102729e+00,8.005188123883637541e-01,-7.505065703085975759e-01,-9.325373079577974345e-01,5.111969044392786765e-01,3.022388866370311789e+00,-2.381216922170040551e+00,-9.016961969038118641e-01,-4.050747561533051266e-01,3.594647970833597217e+00,-2.033853091476293340e+00,-3.540108250094944342e-01,1.432394583527245135e+00,-1.248741726609185809e+00,-7.452173735835766477e-01,-9.591425006924247931e-01,2.497552352862027369e+00,8.403506408579118903e-01,-1.877410708971341879e+00
-6.294191800764845635e-01,8.966210936987804025e-01,2.118761470090116728e+00,1.205155381245591073e+00,2.395832341281166844e+00,8.494333404924540032e-01,2.094352339807333596e+00,-6.499808012787609002e-01,-1.425771741305645435e+00,-1.443630845363874093e-01,-2.378642144540497938e+00,-2.017422118030764100e+00,3.212006520871415471e-01,1.727279257720635952e+00,-3.453360380907676830e-01,-3.963983760853184712e+00,5.356551718215697006e-02,1.563421329403704985e-01,1.585817162858478513e+00,-7.049778614618035233e-01
5.464936570065912491e-01,-2.160463849866257890e-01,9.311620805760173480e-01,-8.016142838456209452e-01,1.573167511441866395e+00,8.990284069361400565e-01,7.797473210381989928e-01,-5.559045413103327338e-01,-3.013303359395519410e-01,1.354709987608148536e+00,-2.129864277989930610e+00,7.951286885751485123e-01,-1.324117076097174328e-01,1.695127169356482888e+00,-1.896225903656491241e+00,8.577465607931182567e-02,3.300336694068548127e+00,1.750555169447004511e+00,1.275301351043578224e+00,-1.934685435730792324e+00
3.999629493029918659e-01,-5.152311866967838050e-01,-1.041238277077549013e+00,2.720903105406372036e-01,-6.015195816805862794e-01,-3.141093589906687744e-01,7.306499136572461861e-01,-1.989844074928975637e+00,-1.808087427154931037e-01,-1.930884901869071302e-01,-3.050280442402247272e-01,-1.460630461617133669e-01,-3.298541693830228105e-01,1.114429064583691398e+00,-2.420704220429847897e+00,-2.552257801214860566e-01,5.033062291754272256e-03,3.412865105651309072e+00,1.991982420487351080e+00,-8.772502173524926450e-01
-6.996379000642550805e-01,-1.894294876635301828e+00,-4.323807097208550720e-01,-5.687049939460405712e-01,5.467642199054111307e-01,-2.167863719346844464e-01,1.265589698465767299e+00,1.496715679957167089e-01,4.906817016677755827e-01,-1.333636745822754266e+00,-1.838849905828364495e+00,-3.495634534864474063e-01,-9.991760803873329932e-02,1.246297965168728039e+00,-3.013363698924199419e+00,-1.772933045770000993e+00,-4.508737508354061507e-01,1.316582640954212735e+00,1.843080492575124074e+00,-2.684964729924809390e+00
8.923451759403184802e-01,8.822651073145284517e-01,-1.411191291320493812e+00,3.775543453414572509e-02,1.699141713427239742e+00,2.782679609214023575e+00,-1.190571666563460029e+00,-2.386878780181850512e+00,1.781317515994414791e+00,-1.363083321009293858e+00,-2.629074528852951786e+00,-5.274525724690536377e-01,1.289885960235088946e+00,-7.993734672128993690e-01,1.780621609532503646e-01,-2.329427614192269846e-01,2.952076458460414443e+00,1.575861556117631457e+00,2.785541180244141213e+00,-1.284211782151719383e+00
